"parliamentarian_id","bill_id","political_action_categories_id"
15,"11.4164",1
15,"11.4164",7
15,"13.3350",1
15,"14.4240",9
15,"14.4240",13
15,"15.3299",1
15,"15.3299",4
15,"15.3299",7
26,"14.3233",13
26,"15.3304",8
26,"15.3304",18
26,"15.3305",4
26,"15.3305",9
28,"12.3151",21
28,"12.3227",10
28,"12.3396",4
28,"12.3396",10
28,"14.3703",20
28,"14.3777",10
28,"14.3777",16
91,"12.3912",4
91,"12.3912",7
91,"12.3912",9
91,"13.3174",21
91,"13.3578",21
91,"13.3579",21
91,"14.3196",21
91,"14.3555",20
91,"15.3312",2
91,"15.3312",13
173,"12.3229",20
173,"13.3111",6
173,"13.3111",9
173,"13.3111",20
173,"13.3176",13
173,"13.3301",2
173,"14.3178",13
173,"14.3178",17
173,"14.3318",13
173,"14.3318",17
173,"14.3534",21
214,"12.3301",9
214,"12.3303",16
214,"12.4260",13
214,"14.4248",16
224,"14.3497",3
224,"14.3497",18
224,"14.3785",2
224,"14.3785",20
307,"13.3648",4
307,"13.3648",7
307,"14.4265",1
307,"14.4265",19
319,"12.3180",12
319,"12.3180",19
319,"13.3525",16
319,"13.3525",19
319,"13.3725",16
319,"13.3932",12
319,"14.3156",20
350,"14.4076",13
350,"14.4076",19
354,"12.3256",4
354,"13.3225",7
354,"13.3560",4
354,"13.3560",9
354,"13.4287",4
354,"14.3143",5
354,"14.3370",3
405,"11.4078",6
405,"11.4103",13
405,"12.3197",10
405,"12.3604",10
405,"12.3606",16
405,"12.3606",20
405,"12.3607",16
405,"12.3607",20
405,"12.3608",16
405,"12.3608",20
405,"12.3908",17
405,"12.3908",17
405,"12.3917",10
405,"12.4211",20
405,"12.4236",5
405,"13.3177",4
405,"13.3178",4
405,"13.3178",14
405,"13.3533",9
405,"13.3534",20
405,"13.3874",10
405,"13.3881",16
405,"13.3881",20
405,"13.4045",20
405,"14.3338",13
405,"14.4234",5
405,"14.4235",8
405,"15.3114",2
405,"15.3114",5
409,"12.3243",9
409,"13.4179",9
453,"12.3630",2
453,"12.3630",21
453,"12.3809",1
453,"12.4112",8
453,"14.3768",3
453,"14.3768",5
473,"12.3559",1
473,"12.3561",4
473,"12.3562",4
473,"12.3562",9
473,"12.3755",16
473,"12.3755",20
473,"14.3503",1
473,"14.3503",10
478,"12.3213",1
478,"12.3213",8
478,"12.3214",21
478,"12.3270",21
478,"12.3328",9
478,"12.3328",10
478,"12.3586",9
478,"12.3586",13
478,"12.3587",9
478,"12.3587",16
478,"12.4022",13
478,"12.4228",1
478,"12.4256",13
478,"13.3208",13
478,"13.3208",17
478,"13.3208",17
478,"13.3209",19
478,"13.3210",16
478,"13.3918",9
478,"14.3636",1
478,"14.3636",13
478,"14.3639",10
478,"14.3840",21
478,"14.3841",21
478,"14.3842",21
487,"11.4173",9
487,"12.3179",9
487,"12.3513",9
487,"12.3872",9
487,"12.3873",9
487,"12.4079",9
487,"12.4181",10
487,"12.4181",16
487,"13.3028",9
487,"13.3152",9
487,"13.3163",9
487,"13.3355",9
487,"13.3403",16
487,"13.3907",4
487,"13.3909",17
487,"13.3909",17
487,"13.3909",19
487,"13.3988",9
487,"13.4293",4
487,"14.3040",6
487,"14.3040",9
487,"14.3087",9
487,"14.3186",9
487,"14.3242",20
487,"14.3243",20
487,"14.3306",9
487,"14.3361",9
487,"14.3486",4
487,"14.3486",9
487,"14.3974",9
487,"14.3974",12
487,"14.3975",9
487,"14.4167",4
487,"14.4167",16
487,"14.4168",9
487,"14.4168",12
487,"14.4169",21
487,"14.4242",9
487,"15.3354",4
487,"15.3354",9
490,"12.3753",16
490,"12.3753",20
490,"12.3929",12
490,"13.3935",7
490,"13.3935",18
490,"15.3335",16
494,"12.3144",20
494,"12.3166",4
494,"12.3804",10
494,"12.4058",4
494,"13.3328",4
494,"13.3328",5
498,"12.4028",10
498,"12.4039",5
498,"12.4188",5
502,"13.3215",2
502,"13.4044",2
502,"13.4044",9
502,"15.3322",8
502,"15.3322",12
504,"11.4184",10
504,"11.4184",11
504,"12.3217",18
504,"12.3218",10
504,"12.3399",10
504,"12.3399",11
504,"12.3839",10
504,"12.3839",11
504,"12.3840",10
504,"12.4193",10
504,"12.4194",20
504,"12.4195",4
504,"12.4195",16
504,"12.4199",3
504,"13.3179",10
504,"13.3179",11
504,"13.3181",20
504,"13.3516",20
504,"13.3753",20
514,"13.3265",10
514,"13.3265",11
514,"13.4093",10
514,"13.4093",11
519,"13.3426",21
542,"12.3425",9
542,"13.3204",13
542,"13.3204",18
542,"13.4316",2
806,"11.4201",10
806,"11.4202",1
806,"11.4203",1
806,"12.3290",1
806,"12.3397",1
806,"14.3621",5
806,"14.3621",13
806,"14.3621",18
806,"14.3937",4
806,"14.3938",4
806,"14.3938",5
806,"15.3343",1
806,"15.3343",9
820,"14.3849",12
820,"14.3941",7
820,"14.3942",1
820,"14.4255",12
820,"15.3340",1
820,"15.3344",16
820,"15.3344",20
1071,"11.4138",10
1071,"12.3244",20
1071,"12.3245",10
1071,"12.3246",10
1071,"12.3250",12
1071,"12.3600",10
1071,"12.3601",20
1071,"12.3602",20
1071,"12.3864",10
1071,"12.4157",10
1071,"12.4157",13
1071,"12.4223",20
1071,"12.4224",10
1071,"13.3224",10
1071,"13.3224",11
1071,"13.3334",12
1071,"13.3334",16
1071,"13.3334",19
1071,"13.3748",9
1071,"13.3748",20
1071,"13.4215",10
1071,"13.4217",10
1071,"14.3366",10
1071,"14.3366",20
1071,"14.3608",7
1071,"14.3608",10
1071,"14.3861",10
1071,"14.3862",10
1071,"14.3862",11
1071,"14.4291",10
1071,"14.4292",10
1071,"15.3283",20
1108,"11.4068",21
1108,"11.4115",20
1108,"12.3838",4
1108,"12.3838",20
1108,"15.3272",9
1109,"12.3201",12
1109,"12.3202",12
1109,"14.3802",9
1109,"14.4186",14
1109,"15.3242",8
1109,"15.3242",12
1109,"15.3243",4
1110,"12.3257",7
1110,"12.3257",10
1110,"12.3257",21
1110,"12.3258",6
1110,"12.3258",7
1110,"12.3258",10
1110,"12.3832",7
1110,"12.3832",10
1110,"12.3832",21
1110,"12.3833",7
1110,"12.3833",10
1110,"12.3833",21
1110,"12.3905",6
1110,"12.3905",7
1110,"12.3905",10
1110,"13.3200",9
1110,"13.3202",4
1111,"13.3455",12
1111,"13.3455",16
1111,"14.3947",21
1111,"15.3112",19
1111,"15.3112",20
1112,"12.3309",6
1112,"12.3310",6
1112,"13.3142",19
1112,"13.4299",4
1112,"13.4299",14
1117,"13.4003",4
1119,"12.3727",4
1119,"13.3457",4
1119,"13.3457",21
1119,"13.3678",21
1119,"15.3081",21
1120,"11.4167",9
1120,"11.4167",20
1120,"12.3367",1
1120,"12.3367",16
1120,"12.4251",14
1120,"12.4251",16
1120,"12.4267",14
1120,"13.3354",9
1120,"13.3948",4
1120,"13.3948",9
1120,"14.3657",14
1120,"14.3657",19
1120,"14.3657",21
1120,"14.3658",2
1120,"15.3048",8
1120,"15.3362",16
1122,"12.3235",6
1122,"12.4238",2
1122,"12.4238",3
1122,"13.3583",3
1122,"13.3583",16
1122,"13.3820",13
1122,"13.3820",16
1122,"14.4230",6
1124,"11.4107",13
1124,"11.4198",6
1124,"12.3286",6
1124,"12.3287",4
1124,"12.3914",3
1124,"12.3914",4
1124,"12.3914",13
1124,"12.3947",2
1124,"12.3947",9
1124,"12.4035",7
1124,"12.4035",10
1124,"12.4243",4
1124,"12.4245",4
1124,"12.4246",4
1124,"12.4246",21
1124,"13.3235",4
1124,"13.3280",4
1124,"13.3281",4
1124,"13.3281",9
1124,"13.3282",9
1124,"13.3616",5
1124,"13.3616",20
1124,"13.3617",4
1124,"13.4317",6
1124,"14.3991",1
1124,"15.3365",12
1124,"15.3365",14
1125,"12.4130",19
1125,"13.3123",19
1125,"13.3475",14
1125,"13.4088",2
1125,"13.4088",14
1125,"13.4088",19
1125,"14.3589",16
1125,"14.3589",19
1127,"12.3113",16
1127,"12.3177",21
1127,"12.3255",9
1127,"12.3482",1
1127,"12.3483",16
1127,"12.3700",12
1127,"12.3700",16
1127,"12.3700",20
1127,"12.3785",12
1127,"12.3834",3
1127,"12.3834",16
1127,"12.3878",7
1127,"12.3878",19
1127,"12.3950",4
1127,"12.3950",9
1127,"12.3951",12
1127,"12.4011",7
1127,"13.3239",10
1127,"13.3239",16
1127,"13.3244",9
1127,"13.3331",7
1127,"13.3602",4
1127,"13.3643",19
1127,"13.3644",12
1127,"13.3644",14
1127,"13.3937",19
1127,"13.3952",9
1127,"13.3952",20
1127,"13.4320",1
1127,"13.4320",7
1127,"13.4320",13
1127,"14.3093",14
1127,"14.3201",9
1127,"14.3325",12
1127,"14.3459",3
1127,"14.3459",16
1127,"14.3756",4
1127,"14.3814",19
1127,"14.3995",16
1127,"15.3145",10
1129,"12.3220",16
1129,"12.3614",10
1129,"12.4209",20
1129,"13.3234",4
1129,"14.3228",4
1129,"14.3228",10
1129,"14.3609",10
1129,"14.3609",20
1129,"14.3970",20
1129,"14.4256",20
1129,"14.4288",10
1129,"14.4288",11
1129,"15.3462",12
1131,"11.4171",19
1131,"11.4171",20
1131,"12.3269",21
1131,"13.4165",19
1131,"14.3253",19
1133,"12.3609",10
1133,"12.3609",11
1133,"12.3610",21
1133,"12.3738",1
1133,"12.3909",12
1133,"12.3909",16
1133,"12.3910",4
1133,"12.3911",9
1133,"12.4270",10
1133,"12.4271",7
1133,"13.3439",9
1133,"13.3818",21
1133,"13.3819",4
1133,"13.3819",21
1133,"14.3710",13
1133,"14.3710",16
1133,"14.3710",20
1133,"14.3989",19
1133,"15.3349",10
1133,"15.3349",19
1137,"12.3046",9
1137,"12.3102",21
1137,"12.4213",16
1137,"14.3135",19
1137,"14.3590",19
1137,"14.4098",1
1138,"12.3874",6
1138,"12.3874",9
1139,"13.3605",4
1139,"13.3605",5
1139,"13.3890",16
1139,"14.3801",4
1139,"14.3801",16
1139,"15.3263",4
1142,"12.3953",21
1142,"14.4229",21
1142,"15.3329",21
1147,"11.4208",9
1147,"12.3281",9
1147,"12.3612",9
1147,"12.3932",9
1147,"12.3937",9
1147,"12.3938",6
1147,"12.4057",9
1147,"12.4057",16
1147,"13.3289",9
1147,"13.3333",9
1147,"13.3630",9
1147,"13.3631",9
1147,"13.3957",10
1147,"13.3959",9
1147,"13.4259",9
1147,"14.3352",10
1147,"14.3352",11
1147,"14.3967",9
1153,"11.4182",5
1153,"11.4182",18
1153,"12.3580",2
1153,"12.3581",20
1153,"12.3581",21
1153,"12.4152",2
1153,"12.4152",13
1153,"13.3555",9
1153,"13.3556",9
1153,"13.3868",4
1153,"13.3868",9
1153,"13.4269",9
1153,"14.3388",4
1153,"14.3537",1
1153,"14.3537",4
1153,"14.3803",9
1153,"14.4125",9
1156,"12.3080",10
1156,"12.3081",10
1156,"12.3304",16
1156,"12.3426",10
1156,"12.3714",10
1156,"12.3831",10
1156,"12.4051",10
1156,"12.4052",10
1156,"12.4053",10
1156,"13.3261",16
1156,"13.3261",20
1156,"13.3262",10
1156,"13.3278",5
1156,"13.3695",10
1156,"13.4150",10
1156,"13.4151",10
1156,"13.4152",6
1156,"14.3054",10
1156,"14.3055",10
1156,"14.3065",10
1156,"14.3235",4
1156,"14.3412",20
1156,"14.4192",10
1156,"15.3060",10
1156,"15.3061",10
1156,"15.3193",4
1156,"15.3193",20
1156,"15.3194",4
1159,"13.3914",12
1159,"13.3928",12
1159,"13.3928",16
1159,"13.4241",13
1279,"12.3087",10
1288,"11.4072",16
1288,"12.3122",2
1288,"12.3123",9
1288,"12.3123",16
1288,"12.3544",4
1288,"12.3545",2
1288,"12.3545",16
1288,"12.3623",16
1288,"12.3623",20
1288,"12.3881",6
1288,"12.4240",13
1288,"12.4240",13
1288,"12.4240",16
1288,"13.3230",10
1288,"13.3508",16
1288,"13.3509",4
1288,"13.3509",13
1288,"13.3509",13
1288,"13.4219",7
1288,"13.4219",16
1288,"13.4267",6
1288,"13.4267",7
1288,"13.4296",16
1288,"13.4297",16
1288,"13.4313",4
1288,"13.4313",6
1288,"13.4314",16
1288,"14.3100",2
1288,"14.3181",16
1288,"14.3184",2
1288,"14.3184",20
1288,"14.3367",16
1288,"14.3367",20
1288,"14.3766",5
1288,"14.3946",4
1288,"14.3946",16
1288,"14.3951",4
1288,"14.3951",13
1288,"14.3951",13
1288,"14.4065",21
1288,"14.4170",21
1288,"14.4171",21
1288,"14.4172",1
1288,"14.4172",7
1288,"15.3310",16
1288,"15.3310",21
1288,"15.3311",21
1295,"11.4119",20
1295,"11.4120",10
1295,"11.4120",20
1295,"11.4122",13
1295,"12.3103",10
1295,"12.3822",10
1295,"12.3824",10
1295,"13.3577",2
1295,"13.3577",9
1295,"13.3577",13
1295,"13.4216",19
1295,"13.4308",2
1295,"13.4308",13
1295,"14.3045",13
1295,"14.3089",10
1295,"14.3532",2
1295,"14.3532",13
1295,"14.4193",9
1295,"14.4193",13
1295,"15.3307",2
1295,"15.3307",20
1318,"12.3141",9
1318,"12.3150",9
1318,"12.3560",9
1318,"12.3870",6
1318,"12.3870",9
1318,"12.4026",1
1318,"12.4026",7
1318,"12.4026",10
1318,"13.3039",6
1318,"13.3039",13
1318,"13.3288",4
1318,"13.3709",9
1318,"13.3710",9
1318,"14.3056",9
1318,"14.3097",7
1318,"14.3439",1
1318,"14.3439",7
1318,"14.3439",10
1318,"15.3063",4
1318,"15.3076",16
1318,"15.3180",4
1318,"15.3180",9
1337,"12.3744",19
1337,"13.3495",19
1337,"13.3587",16
1337,"13.3895",19
1337,"13.3895",21
1337,"13.3897",16
1337,"14.3140",4
1337,"14.3140",19
1337,"14.3141",16
1337,"14.3141",19
1337,"14.3479",19
1337,"14.3552",20
1337,"14.3711",3
1337,"14.3711",19
1337,"14.3843",13
1337,"14.3843",19
1337,"14.4187",8
1337,"14.4187",19
1345,"12.4257",2
1345,"12.4257",4
1346,"12.3265",10
1346,"12.3265",11
1346,"12.3880",10
1346,"12.3880",11
1346,"13.3956",10
1346,"14.4307",4
3828,"12.3619",10
3828,"12.3681",10
3828,"12.3783",10
3828,"12.4164",10
3828,"12.4164",11
3828,"12.4164",13
3828,"12.4197",9
3828,"12.4265",3
3828,"12.4265",13
3828,"13.3222",10
3828,"13.3641",20
3828,"13.3809",10
3828,"14.3886",3
3828,"14.3886",4
3828,"14.3886",13
3828,"15.3288",10
3828,"15.3464",10
3828,"15.3464",11
3828,"15.3465",10
3828,"15.3465",11
3829,"13.3853",9
3829,"13.3853",20
3829,"14.3509",9
3829,"14.4162",21
3830,"12.3574",10
3830,"13.3079",4
3830,"13.3218",20
3830,"13.3272",4
3830,"13.3272",13
3830,"13.3445",4
3830,"13.3446",4
3830,"13.3446",5
3830,"13.3810",4
3830,"13.3893",18
3830,"13.4270",4
3830,"14.3049",10
3830,"14.3906",4
3830,"14.3906",20
3830,"14.4053",9
3830,"14.4059",4
3830,"14.4059",9
3830,"15.3196",9
3830,"15.3196",20
3830,"15.3197",4
3830,"15.3197",8
3865,"12.3207",10
3865,"12.3208",10
3865,"12.3816",10
3865,"13.3303",18
3865,"13.4300",10
3865,"13.4300",11
3865,"14.3632",10
3867,"13.3324",1
3867,"13.3324",7
3867,"14.3618",1
3867,"14.3618",7
3867,"14.3619",13
3867,"14.3619",13
3867,"14.3619",14
3867,"14.3619",14
3867,"14.3838",1
3867,"15.3192",7
3867,"15.3239",1
3867,"15.3239",20
3872,"11.4088",6
3872,"11.4088",8
3872,"11.4132",4
3872,"11.4132",9
3872,"12.3078",1
3872,"12.3078",4
3872,"12.3344",1
3872,"12.3344",8
3872,"12.3567",4
3872,"12.3577",4
3872,"12.3577",6
3872,"12.3684",1
3872,"12.3762",6
3872,"12.3762",7
3872,"12.3891",6
3872,"13.3043",1
3872,"13.3292",1
3872,"13.3292",6
3872,"13.3420",10
3872,"13.3420",11
3872,"13.3682",1
3872,"13.3682",6
3872,"13.4042",3
3872,"13.4042",13
3872,"13.4158",7
3872,"14.3023",1
3872,"14.3508",6
3872,"14.3508",7
3872,"14.3815",1
3872,"15.3127",12
3872,"15.3251",4
3872,"15.3251",9
3872,"15.3251",13
3875,"12.3745",19
3876,"12.3935",6
3876,"12.3935",7
3876,"12.4165",17
3876,"12.4165",17
3876,"13.3080",4
3876,"13.3080",14
3876,"13.3212",20
3876,"13.4074",9
3876,"13.4074",20
3876,"14.3096",17
3876,"14.3096",17
3876,"14.3602",9
3876,"14.3602",19
3876,"14.4244",3
3876,"14.4244",13
3876,"15.3146",10
3877,"12.4070",14
3877,"13.3258",10
3877,"13.3258",14
3877,"13.3742",16
3878,"11.4156",21
3878,"12.4218",4
3878,"13.3246",3
3878,"13.3246",13
3878,"13.3248",1
3878,"13.3248",7
3878,"14.3834",4
3878,"14.3834",9
3878,"14.4177",21
3880,"12.3470",16
3880,"12.3471",16
3880,"12.3477",16
3880,"12.3779",7
3880,"12.3779",10
3880,"12.3803",12
3880,"12.3803",16
3880,"13.3081",10
3880,"13.3081",16
3880,"13.3510",19
3880,"13.3671",16
3880,"13.3730",5
3880,"13.3730",19
3880,"13.3731",16
3880,"13.3936",10
3880,"14.3517",10
3880,"14.3753",3
3880,"14.3753",16
3880,"14.3753",19
3880,"14.3898",9
3880,"14.3898",19
3880,"15.3143",10
3880,"15.3229",10
3881,"12.3124",10
3881,"12.3478",10
3881,"12.3478",20
3881,"12.3847",10
3881,"13.3500",10
3881,"13.3884",10
3881,"13.4040",10
3881,"13.4040",13
3882,"11.4151",4
3882,"11.4151",6
3882,"11.4193",13
3882,"12.3465",20
3882,"12.3465",21
3882,"12.3620",6
3882,"12.3631",6
3882,"13.3253",20
3882,"13.3606",4
3882,"13.3606",7
3884,"15.3082",9
3884,"15.3083",2
3884,"15.3083",4
3884,"15.3083",20
3884,"15.3150",21
3884,"15.3237",9
3884,"15.3237",21
3885,"12.3282",6
3885,"12.3297",9
3885,"12.3297",10
3885,"12.3297",11
3885,"12.3454",1
3885,"12.4029",7
3885,"12.4029",10
3885,"12.4127",21
3885,"13.3649",1
3885,"14.3659",1
3885,"14.3659",13
3885,"14.3769",1
3885,"14.3769",21
3885,"14.3831",9
3885,"15.3252",4
3885,"15.3252",9
3886,"13.3940",21
3886,"13.4220",4
3886,"13.4220",13
3886,"15.3141",4
3886,"15.3141",12
3886,"15.3142",16
3886,"15.3142",20
3886,"15.3234",4
3886,"15.3234",9
3887,"13.3318",9
3887,"13.3349",9
3888,"11.4153",4
3888,"11.4153",20
3888,"12.3588",1
3888,"12.3726",1
3888,"12.3726",4
3888,"13.3967",9
3888,"13.4263",19
3888,"14.3651",16
3890,"11.4165",21
3890,"13.3053",21
3890,"13.3876",20
3890,"13.3876",21
3891,"12.3056",7
3891,"12.3428",5
3891,"12.3706",4
3891,"12.3706",5
3891,"13.3126",16
3891,"13.3126",19
3891,"13.3427",16
3891,"13.4133",5
3892,"12.4155",6
3892,"12.4155",7
3892,"13.3501",6
3892,"13.3749",6
3892,"14.3882",7
3895,"12.4072",10
3895,"12.4072",16
3897,"12.3299",7
3898,"14.3133",9
3899,"11.4175",6
3899,"12.3524",6
3899,"12.3525",6
3899,"13.3575",9
3899,"13.4289",4
3899,"13.4289",8
3899,"15.3059",4
3899,"15.3059",20
3901,"12.3473",16
3901,"12.3942",10
3901,"12.3942",11
3901,"12.3942",12
3901,"12.4262",7
3901,"12.4263",16
3901,"12.4263",19
3901,"13.3279",9
3901,"13.3622",7
3901,"13.3623",19
3901,"13.4016",9
3901,"13.4016",21
3901,"13.4089",2
3901,"14.3218",12
3901,"14.3219",8
3901,"14.3220",12
3901,"14.3220",16
3901,"14.3221",16
3901,"14.3222",9
3901,"14.3222",16
3901,"14.3223",19
3902,"11.4080",2
3902,"12.3455",20
3902,"12.3455",21
3902,"13.3097",2
3902,"13.3127",16
3902,"13.3978",16
3902,"14.3022",16
3904,"12.3266",4
3904,"12.3266",10
3904,"12.3476",16
3904,"12.3871",10
3904,"12.3871",16
3904,"12.4161",2
3904,"12.4161",20
3904,"12.4233",2
3904,"12.4233",10
3904,"12.4234",2
3904,"12.4234",10
3904,"13.3154",10
3904,"13.3250",10
3904,"13.3250",11
3904,"13.3745",10
3904,"14.3127",4
3904,"14.3138",12
3904,"14.3138",16
3904,"14.3162",5
3904,"14.3162",10
3904,"14.4099",9
3904,"14.4101",4
3904,"15.3023",12
3904,"15.3023",14
3904,"15.3140",4
3904,"15.3140",8
3904,"15.3140",12
3907,"11.4204",4
3907,"11.4204",7
3907,"12.3893",7
3907,"13.3527",4
3907,"14.4217",1
3907,"14.4217",10
3908,"12.3285",4
3908,"12.3285",7
3908,"12.3503",4
3908,"13.3513",4
3908,"13.3513",9
3908,"13.3903",6
3908,"13.3904",6
3908,"13.3904",9
3908,"13.3905",19
3908,"13.3906",19
3908,"13.4273",4
3908,"14.3258",10
3910,"11.4157",1
3910,"11.4158",4
3910,"11.4158",7
3910,"12.3234",1
3910,"12.3237",1
3910,"12.3238",1
3910,"12.3238",6
3910,"12.3238",7
3910,"12.3591",21
3910,"12.3592",1
3910,"12.3595",1
3910,"12.3595",21
3910,"12.3877",1
3910,"12.4148",1
3910,"12.4148",6
3910,"13.3221",1
3910,"13.3536",10
3910,"13.3569",16
3910,"13.3569",20
3910,"13.4201",1
3910,"13.4201",7
3910,"13.4202",1
3910,"13.4203",1
3910,"13.4203",7
3910,"14.3539",10
3910,"14.3540",1
3910,"14.3541",10
3910,"14.3542",1
3910,"14.3542",4
3910,"14.3543",10
3910,"14.3546",1
3910,"14.3546",7
3910,"14.3823",3
3910,"14.3823",14
3910,"14.3826",3
3910,"14.3826",14
3910,"14.3894",1
3910,"14.3899",1
3910,"14.3900",4
3910,"15.3285",4
3910,"15.3285",21
3911,"11.4155",16
3911,"11.4155",19
3911,"12.3621",19
3912,"12.3155",4
3912,"12.3776",16
3912,"12.3776",21
3912,"12.4081",6
3912,"13.3486",4
3912,"13.3607",21
3912,"14.3563",2
3912,"14.3563",4
3923,"12.3060",10
3923,"12.3060",11
3923,"12.3061",10
3923,"12.3061",11
3923,"12.3062",10
3923,"12.3062",11
3923,"12.3063",10
3923,"12.3063",11
3923,"12.3599",4
3923,"12.3599",10
3923,"14.4127",3
3923,"14.4127",12
3923,"14.4210",20
3923,"15.3238",9
3924,"12.3566",10
3924,"12.3566",11
3924,"13.3348",4
3924,"13.3614",4
3924,"13.3683",6
3924,"13.3683",7
3924,"15.3363",16
3931,"12.3215",7
3931,"13.3813",9
3931,"13.3813",20
3931,"13.4070",9
3931,"14.4199",2
3931,"14.4199",13
4007,"11.4074",20
4007,"11.4094",10
4007,"11.4094",11
4007,"12.3101",4
4007,"12.3817",4
4007,"12.4012",6
4007,"12.4012",13
4007,"13.3131",6
4007,"13.3132",6
4007,"13.3428",2
4007,"13.3428",16
4007,"14.3139",4
4007,"14.3139",10
4007,"14.3800",21
4007,"14.3805",18
4007,"14.3805",21
4007,"15.3095",14
4007,"15.3095",19
4008,"12.4134",20
4008,"14.3818",7
4008,"14.3830",7
4018,"11.4117",10
4018,"11.4117",11
4018,"12.3210",5
4018,"12.3210",19
4018,"12.3703",4
4018,"12.3828",3
4018,"12.3828",13
4018,"12.4115",5
4018,"13.3305",5
4018,"13.3322",5
4018,"14.3407",4
4018,"14.3407",5
4018,"14.3407",20
4018,"14.3468",9
4018,"14.3468",20
4018,"14.4091",21
4018,"15.3100",4
4018,"15.3100",9
4018,"15.3101",4
4018,"15.3102",4
4025,"12.3546",14
4025,"12.4264",2
4025,"12.4264",9
4025,"13.3268",9
4025,"13.3269",14
4025,"13.3591",13
4030,"12.3242",1
4030,"13.3931",16
4030,"13.3973",10
4030,"14.3254",4
4030,"14.3973",10
4031,"11.4194",21
4031,"12.4018",14
4031,"13.3157",10
4031,"13.3158",19
4031,"13.3422",4
4031,"13.3848",9
4031,"13.3848",14
4031,"14.3191",4
4031,"14.3191",10
4032,"11.4209",2
4032,"11.4209",17
4032,"11.4209",17
4032,"12.3960",20
4032,"13.3271",6
4032,"13.3557",6
4032,"13.3921",1
4032,"13.3921",7
4032,"13.3924",1
4032,"14.3262",6
4032,"14.3262",7
4032,"14.3262",9
4032,"14.3372",1
4032,"14.4231",1
4032,"14.4231",7
4032,"15.3318",6
4036,"11.4125",10
4036,"12.3778",9
4036,"12.4162",16
4036,"13.3062",5
4036,"13.3062",19
4036,"14.3188",10
4036,"14.3824",3
4036,"14.3824",14
4036,"14.4183",16
4040,"11.4104",5
4040,"12.3475",4
4040,"13.3325",4
4040,"13.3595",4
4040,"13.3595",12
4040,"13.3697",20
4040,"14.3126",20
4040,"14.3492",2
4040,"14.3492",13
4040,"14.3493",2
4040,"14.4095",19
4040,"14.4118",4
4040,"14.4118",14
4040,"14.4250",13
4042,"12.3050",13
4042,"13.3125",20
4042,"13.3505",9
4042,"13.3505",21
4042,"13.3826",16
4042,"13.3826",20
4042,"14.3021",12
4042,"14.3021",16
4042,"14.3453",9
4042,"14.3453",16
4042,"14.3453",20
4042,"14.3478",3
4042,"14.3478",4
4042,"14.3478",20
4042,"14.3799",16
4042,"14.3799",20
4045,"12.3693",4
4045,"13.3029",13
4045,"13.3068",4
4045,"13.3068",5
4045,"13.3121",17
4045,"13.3121",17
4045,"14.4067",4
4045,"14.4067",9
4045,"14.4068",4
4045,"14.4068",9
4045,"14.4069",9
4045,"15.3167",21
4046,"12.3127",4
4046,"12.3488",12
4046,"12.3993",9
4046,"12.4048",4
4046,"12.4048",9
4046,"13.3104",4
4046,"13.3104",8
4046,"13.3323",12
4046,"13.3464",21
4046,"13.3465",4
4046,"13.3466",9
4046,"13.3466",20
4046,"13.3467",12
4046,"13.4120",16
4046,"14.3057",8
4046,"14.3397",13
4046,"14.4166",2
4046,"15.3253",4
4046,"15.3253",9
4048,"12.3126",8
4048,"12.3126",12
4048,"12.3418",10
4048,"12.4196",7
4048,"13.3114",19
4048,"13.3698",20
4048,"13.3870",16
4048,"13.4036",16
4049,"12.3511",5
4049,"12.3708",16
4049,"12.3760",6
4049,"13.3020",5
4049,"13.3070",5
4049,"13.4030",2
4049,"13.4030",9
4049,"15.3036",3
4049,"15.3157",4
4049,"15.3157",5
4050,"13.3021",6
4050,"13.3498",6
4050,"14.3047",6
4050,"14.3048",6
4050,"14.3837",7
4050,"14.4128",6
4050,"14.4128",21
4051,"12.4121",9
4051,"12.4123",10
4051,"12.4123",11
4051,"12.4123",13
4051,"13.3396",4
4051,"13.3396",18
4051,"13.3542",20
4051,"13.3543",4
4051,"13.3543",10
4051,"14.3996",4
4051,"15.3117",4
4051,"15.3118",4
4051,"15.3119",4
4051,"15.3119",13
4051,"15.3120",4
4051,"15.3121",4
4051,"15.3121",20
4051,"15.3122",4
4051,"15.3123",4
4051,"15.3124",4
4051,"15.3124",20
4051,"15.3241",7
4052,"12.3028",1
4052,"13.3196",16
4053,"12.3098",20
4053,"12.3099",8
4053,"12.3099",9
4053,"12.3117",16
4053,"12.3118",5
4053,"12.3806",4
4053,"13.3016",2
4053,"13.3016",13
4053,"13.3017",9
4053,"13.3095",9
4053,"13.3096",9
4053,"13.3151",8
4053,"13.3493",17
4053,"13.3493",17
4053,"13.3672",3
4053,"13.3708",4
4053,"14.3263",4
4053,"14.3263",14
4053,"14.3489",9
4053,"14.3489",13
4053,"14.3489",19
4053,"14.4016",9
4054,"12.3731",20
4054,"12.4065",13
4054,"12.4066",9
4054,"12.4066",13
4054,"13.3109",20
4054,"13.3582",14
4054,"14.4071",9
4054,"14.4071",21
4054,"14.4113",16
4056,"12.3585",8
4056,"12.3585",9
4056,"15.3282",1
4056,"15.3282",18
4057,"11.4066",9
4057,"11.4067",9
4057,"11.4073",14
4057,"12.3271",4
4057,"12.3490",20
4057,"12.3490",21
4057,"12.3705",9
4057,"12.3885",4
4057,"12.3885",13
4057,"12.3886",4
4057,"12.3886",13
4057,"13.4243",8
4057,"13.4243",13
4057,"14.3897",4
4057,"14.4239",9
4057,"15.3266",9
4057,"15.3266",18
4058,"12.3055",9
4058,"12.3439",9
4058,"12.3481",9
4058,"12.3528",20
4058,"13.3327",4
4058,"15.3138",4
4058,"15.3138",18
4059,"13.3859",7
4059,"14.3952",19
4060,"12.4020",13
4060,"12.4021",13
4060,"12.4122",9
4060,"12.4272",10
4060,"13.3233",20
4060,"13.4233",9
4060,"14.3776",20
4060,"14.3778",4
4060,"14.3858",9
4060,"14.3858",13
4060,"14.3869",9
4060,"14.3869",13
4060,"15.3355",4
4060,"15.3355",16
4061,"12.3045",7
4061,"12.3045",21
4061,"12.3104",10
4061,"12.3181",6
4061,"12.3181",9
4061,"12.3363",10
4061,"13.3205",6
4061,"13.3206",10
4061,"13.3207",10
4061,"13.3504",10
4061,"13.3504",11
4061,"13.3875",10
4061,"15.3062",10
4063,"12.3131",6
4063,"12.3555",1
4063,"12.4230",1
4063,"13.3482",9
4063,"13.3482",16
4063,"13.3696",9
4063,"13.3696",16
4063,"13.3816",4
4063,"13.3816",8
4063,"14.3962",16
4063,"14.3963",16
4063,"14.4094",13
4063,"14.4094",16
4065,"12.4158",4
4065,"12.4158",21
4066,"12.3051",7
4066,"13.3980",20
4067,"12.3295",4
4067,"13.3912",12
4067,"13.3913",12
4067,"14.3090",12
4067,"14.3090",20
4067,"14.3091",12
4067,"15.3075",4
4067,"15.3075",9
4067,"15.3228",4
4069,"12.3206",10
4069,"12.3206",20
4069,"12.3424",16
4069,"12.3801",13
4069,"12.3801",16
4069,"12.3801",20
4069,"12.3802",4
4069,"12.3802",13
4069,"12.3802",16
4069,"12.3802",20
4069,"13.3155",20
4069,"13.3156",20
4069,"13.3161",16
4069,"13.3161",20
4069,"13.3351",20
4069,"13.3441",16
4069,"13.3691",17
4069,"13.3691",17
4069,"13.3741",10
4069,"13.3741",20
4069,"13.4033",4
4069,"13.4033",20
4069,"14.3417",16
4069,"14.3417",20
4069,"14.3706",20
4069,"14.4204",2
4069,"14.4204",20
4069,"14.4205",5
4069,"14.4205",10
4069,"14.4205",20
4069,"15.3064",3
4069,"15.3155",10
4069,"15.3190",16
4070,"12.3132",3
4070,"12.3132",17
4070,"12.3132",17
4070,"12.3133",21
4070,"12.3527",6
4070,"12.3957",16
4070,"13.3638",4
4070,"13.3638",13
4070,"13.3639",4
4070,"13.3922",20
4070,"13.4303",7
4070,"13.4306",21
4070,"14.3236",2
4070,"14.3597",9
4070,"14.3597",20
4071,"12.3252",6
4071,"12.3253",6
4072,"12.3691",4
4072,"12.3691",13
4072,"12.4068",16
4072,"13.3023",16
4072,"13.3102",21
4072,"13.3425",21
4072,"13.3435",4
4072,"13.3608",13
4072,"13.3608",14
4072,"13.3608",21
4072,"13.3632",21
4072,"13.3945",4
4072,"13.4149",4
4072,"13.4196",7
4072,"14.3259",21
4072,"14.3260",21
4072,"14.3872",9
4072,"14.4019",21
4072,"14.4029",4
4072,"14.4029",8
4072,"14.4045",7
4072,"14.4115",20
4072,"15.3185",21
4073,"14.3035",12
4074,"12.3111",10
4074,"12.3112",10
4074,"12.3157",10
4074,"12.3360",19
4074,"12.3444",7
4074,"12.3730",7
4074,"12.3730",19
4074,"12.4073",14
4074,"12.4073",19
4074,"12.4075",1
4074,"13.3182",10
4074,"13.3183",19
4074,"13.3947",20
4074,"14.3173",10
4074,"14.3174",10
4074,"14.3813",10
4074,"14.3816",10
4074,"14.3816",20
4074,"14.3993",4
4074,"14.3993",10
4074,"14.4013",10
4074,"14.4130",14
4074,"14.4130",19
4075,"13.3226",16
4075,"13.3332",16
4075,"13.3684",16
4075,"13.3694",16
4075,"13.3842",16
4075,"13.3842",20
4075,"13.4037",16
4075,"13.4037",20
4075,"13.4218",21
4075,"14.3109",20
4075,"14.3441",16
4075,"14.4038",13
4075,"14.4122",13
4075,"14.4122",16
4075,"15.3072",4
4076,"13.3586",21
4076,"14.3157",7
4076,"14.3825",3
4076,"14.3825",14
4076,"15.3109",9
4076,"15.3183",9
4076,"15.3183",13
4076,"15.3184",9
4077,"12.3024",9
4077,"13.3065",9
4077,"13.3673",4
4077,"13.3673",9
4077,"13.3701",4
4077,"13.3701",9
4077,"13.3712",4
4077,"13.3712",13
4077,"14.3031",9
4077,"14.3309",9
4077,"14.3390",4
4077,"14.3390",13
4077,"14.3390",20
4077,"14.4017",1
4077,"15.3019",9
4077,"15.3149",4
4077,"15.3149",20
4079,"12.3431",18
4079,"12.3432",9
4079,"12.3432",20
4079,"12.3808",18
4079,"13.3073",4
4079,"13.3553",3
4079,"13.3949",4
4079,"13.3949",9
4079,"13.3950",4
4079,"13.3950",20
4079,"13.4237",4
4079,"14.3265",4
4079,"14.3265",9
4079,"14.3655",2
4079,"14.3655",16
4079,"14.3955",4
4079,"14.3955",9
4079,"14.3990",21
4079,"14.4296",4
4079,"14.4298",2
4079,"14.4300",2
4079,"14.4300",4
4079,"15.3358",2
4079,"15.3358",4
4079,"15.3359",18
4079,"15.3359",19
4081,"12.3100",10
4081,"12.3452",10
4081,"12.3716",10
4081,"13.3300",10
4081,"13.4264",10
4081,"14.3411",10
4081,"14.3559",10
4081,"14.4164",10
4082,"12.3223",6
4082,"12.3474",20
4082,"12.3474",21
4082,"13.3544",2
4082,"13.3885",21
4082,"14.3876",21
4082,"14.4124",2
4082,"14.4124",10
4082,"15.3455",10
4083,"12.3311",21
4083,"12.3312",6
4083,"12.4119",9
4083,"12.4119",13
4083,"12.4120",4
4083,"12.4120",13
4083,"13.3358",4
4083,"13.3358",13
4083,"13.3473",21
4083,"13.3800",9
4083,"14.3520",21
4083,"14.3623",6
4083,"14.3623",7
4083,"14.3624",20
4083,"14.3629",20
4083,"15.3298",21
4084,"12.3519",9
4084,"12.3519",20
4084,"12.3724",6
4084,"12.3724",10
4084,"12.3810",9
4084,"12.3810",20
4084,"13.3170",9
4084,"14.3169",9
4084,"14.3307",12
4084,"14.3307",20
4084,"14.3721",1
4084,"14.3721",7
4084,"14.4134",5
4084,"14.4134",20
4084,"14.4135",13
4084,"14.4135",16
4084,"15.3144",9
4085,"12.3142",1
4085,"12.3142",7
4085,"12.3283",6
4085,"12.3371",4
4085,"12.3372",16
4085,"12.3756",21
4085,"12.4105",6
4085,"12.4227",4
4085,"13.3636",7
4085,"13.3923",16
4085,"13.3923",20
4085,"13.4155",13
4085,"14.3193",2
4085,"14.3193",19
4085,"14.3694",4
4085,"14.3694",7
4085,"14.3694",13
4085,"14.3804",16
4085,"15.3111",8
4085,"15.3111",9
4085,"15.3284",16
4086,"11.4086",4
4086,"12.3021",2
4086,"12.3021",16
4086,"12.3405",4
4086,"12.3405",21
4086,"12.3409",6
4086,"12.3683",12
4086,"12.3683",16
4086,"12.3683",20
4086,"12.4036",2
4086,"12.4036",5
4086,"12.4037",4
4086,"13.3032",21
4086,"13.3036",1
4086,"13.3736",2
4086,"13.3851",6
4086,"13.3851",18
4086,"13.4090",3
4086,"13.4090",4
4086,"13.4090",10
4086,"13.4123",5
4086,"14.3398",19
4086,"14.3681",9
4087,"11.4149",7
4087,"12.3224",1
4087,"12.3225",9
4087,"12.3568",10
4087,"12.3571",6
4087,"12.3572",1
4087,"13.3089",10
4087,"13.3090",1
4087,"13.3090",10
4087,"13.3729",19
4087,"13.4194",4
4087,"14.3158",4
4087,"14.3158",13
4087,"14.3159",19
4087,"15.3125",16
4087,"15.3125",21
4089,"12.3551",9
4089,"12.3552",9
4089,"12.4154",9
4089,"13.4214",9
4089,"14.3598",6
4089,"14.3598",21
4089,"14.3599",5
4089,"14.3599",21
4089,"14.3859",19
4089,"14.3860",18
4089,"14.3860",19
4090,"12.3158",4
4090,"12.3695",13
4090,"12.3695",16
4090,"12.3761",13
4090,"12.3761",17
4090,"12.3761",17
4090,"13.3203",9
4090,"13.3761",16
4090,"13.3762",16
4090,"13.3763",16
4090,"14.3104",13
4090,"14.3104",13
4090,"14.3310",1
4090,"14.3311",4
4090,"14.3311",21
4091,"12.3518",18
4091,"12.3733",1
4091,"13.3517",5
4091,"13.3752",2
4091,"13.4304",13
4091,"13.4312",20
4091,"14.3277",16
4091,"14.3277",19
4091,"14.3469",13
4091,"14.3469",20
4091,"14.3470",13
4091,"14.3470",20
4091,"14.3480",3
4091,"14.3480",14
4091,"14.3566",5
4091,"14.3566",18
4091,"14.3567",5
4091,"14.3567",18
4091,"14.3980",16
4093,"11.4181",21
4093,"12.3173",3
4093,"12.4212",2
4093,"13.3628",2
4093,"13.3628",13
4093,"13.3812",2
4093,"13.3812",13
4093,"13.3930",2
4093,"13.3930",4
4093,"13.3943",19
4093,"13.4265",2
4093,"13.4265",6
4093,"14.3255",4
4093,"14.3255",7
4093,"14.4275",2
4093,"14.4275",9
4093,"14.4275",13
4093,"14.4294",2
4093,"15.3308",4
4093,"15.3308",9
4094,"12.4207",10
4094,"12.4207",11
4094,"12.4207",13
4094,"13.3571",21
4094,"13.3572",21
4094,"13.3960",4
4094,"13.3960",10
4094,"14.3928",4
4094,"14.3928",5
4094,"14.3928",10
4094,"14.4266",4
4094,"14.4266",20
4094,"14.4269",4
4094,"14.4270",7
4095,"12.3928",4
4095,"12.3930",4
4095,"12.3931",10
4095,"13.3933",4
4095,"13.4278",2
4095,"13.4278",13
4095,"14.4273",4
4096,"12.3097",12
4096,"14.3238",10
4096,"14.3879",4
4096,"14.3879",20
4096,"15.3240",12
4097,"12.3047",1
4097,"12.3047",7
4097,"12.3105",9
4097,"12.3172",1
4097,"12.3172",9
4097,"12.3906",1
4097,"13.3568",19
4097,"13.4307",9
4097,"14.3976",6
4097,"15.3330",4
4097,"15.3330",20
4098,"12.3273",6
4098,"13.3031",5
4098,"14.3081",5
4098,"14.3336",3
4098,"14.3336",17
4098,"14.3336",17
4098,"14.3734",13
4098,"14.3734",14
4099,"12.3203",13
4099,"12.3479",7
4099,"12.3479",20
4099,"12.3564",10
4099,"12.4101",4
4099,"12.4182",13
4099,"13.3219",21
4099,"13.3934",9
4099,"13.3934",19
4099,"13.4004",4
4099,"13.4081",4
4099,"13.4081",13
4099,"14.3499",7
4099,"14.3499",20
4099,"14.3500",13
4099,"14.3850",21
4099,"14.3851",21
4099,"14.3852",21
4099,"14.3853",10
4099,"14.3853",20
4099,"14.4165",10
4100,"12.3556",9
4100,"13.3883",6
4100,"13.3883",7
4100,"14.3506",1
4100,"14.3506",4
4101,"11.4110",13
4101,"11.4147",20
4101,"12.3119",20
4101,"12.3398",10
4101,"12.3570",5
4101,"12.3570",10
4101,"12.4055",3
4101,"13.3048",2
4101,"13.3259",20
4101,"13.3624",1
4101,"13.3624",5
4101,"13.3625",4
4101,"13.3626",5
4101,"13.3626",20
4101,"14.3232",16
4101,"14.3232",20
4101,"14.3264",3
4101,"14.3264",5
4101,"14.3878",5
4101,"14.3878",13
4101,"14.3904",5
4101,"14.3904",13
4101,"14.4089",5
4101,"14.4089",8
4101,"14.4257",1
4101,"14.4257",14
4101,"14.4258",3
4101,"14.4258",4
4101,"14.4258",5
4102,"12.3616",3
4102,"12.3616",7
4102,"13.4283",4
4102,"13.4284",1
4102,"13.4284",7
4102,"14.3617",9
4102,"14.3644",20
4102,"14.3645",20
4102,"14.3854",1
4103,"13.3140",6
4103,"13.3141",6
4103,"14.3175",4
4103,"14.3175",10
4104,"12.3922",6
4104,"12.3922",14
4104,"13.4260",6
4106,"12.3543",16
4107,"12.3458",9
4107,"12.3858",12
4107,"12.3894",9
4107,"12.3895",9
4107,"12.3896",9
4107,"12.3897",20
4107,"13.3597",4
4107,"13.3598",12
4107,"13.3946",3
4107,"13.3946",16
4107,"14.3270",12
4107,"14.3271",12
4107,"14.4214",12
4107,"14.4214",16
4107,"15.3279",12
4107,"15.3280",4
4107,"15.3281",4
4107,"15.3281",9
4108,"12.3907",20
4108,"13.3627",6
4108,"13.3627",18
4108,"14.3316",6
4108,"15.3296",7
4109,"12.3369",1
4109,"12.3565",20
4109,"12.4231",7
4109,"13.3345",4
4110,"13.3083",9
4110,"15.3319",16
4110,"15.3320",16
4110,"15.3323",16
4113,"13.3085",20
4113,"13.3086",21
4113,"13.3087",2
4113,"13.3087",20
4113,"13.3088",14
4113,"13.3135",20
4113,"13.3977",7
4113,"13.3977",16
4113,"13.3977",20
4113,"13.4156",10
4113,"13.4157",10
4113,"14.3200",4
4113,"14.3200",12
4113,"14.3200",16
4113,"14.3522",9
4113,"14.3522",14
4113,"14.3523",4
4113,"14.3523",5
4113,"14.3523",12
4113,"14.3855",4
4113,"14.3855",18
4113,"14.3908",16
4114,"12.3754",1
4114,"13.3078",6
4114,"14.3514",1
4114,"14.3514",9
4114,"14.3514",13
4114,"14.3865",4
4115,"12.3088",20
4115,"12.3152",2
4115,"13.3044",4
4115,"13.3044",9
4115,"13.3052",2
4115,"13.3052",16
4115,"13.3687",9
4115,"13.3806",2
4115,"13.3806",16
4115,"13.3807",2
4115,"13.3807",16
4115,"13.3808",2
4115,"13.3808",13
4115,"13.4069",16
4115,"13.4069",19
4115,"14.3739",2
4115,"14.3739",16
4115,"14.3740",4
4115,"14.3740",5
4115,"14.3782",2
4115,"14.3782",16
4115,"14.3905",2
4115,"14.3905",16
4115,"15.3044",2
4115,"15.3044",4
4116,"12.3890",13
4116,"14.3880",4
4116,"14.3880",9
4117,"13.3186",6
4117,"13.3970",4
4117,"13.3971",2
4117,"13.3971",13
4117,"14.3895",21
4117,"14.3896",21
4118,"13.3615",5
4118,"13.3615",20
4118,"13.4245",20
4118,"13.4271",13
4118,"13.4271",20
4118,"14.4197",1
4118,"14.4197",5
4118,"14.4197",8
4118,"14.4197",10
4118,"15.3254",9
4118,"15.3254",20
4120,"12.3071",12
4120,"12.3110",20
4120,"12.3211",12
4120,"12.3212",12
4120,"12.3411",10
4120,"12.3411",11
4120,"12.3489",20
4120,"12.3489",21
4120,"12.4050",3
4120,"12.4050",13
4120,"12.4249",16
4120,"12.4250",4
4120,"12.4259",12
4120,"13.3199",2
4120,"13.3199",16
4120,"13.3551",12
4120,"13.3551",19
4120,"13.3844",12
4120,"13.3845",16
4120,"13.4169",9
4120,"14.3246",12
4120,"14.3272",12
4120,"14.3324",19
4120,"14.3705",12
4120,"14.3705",16
4120,"14.3846",16
4120,"14.4309",8
4120,"14.4309",9
4121,"13.3790",20
4121,"13.3790",21
4121,"14.3123",6
4121,"14.3123",9
4121,"14.3176",9
4121,"14.3425",10
4121,"15.3113",9
4121,"15.3233",3
4121,"15.3233",20
4122,"13.4292",21
4122,"14.3702",19
4122,"14.4093",1
4122,"14.4093",9
4122,"15.3131",9
4122,"15.3131",16
4122,"15.3131",21
4122,"15.3325",9
4122,"15.3325",19
4123,"13.3356",9
4123,"14.3319",16
4123,"14.4035",6
4123,"14.4035",16
4123,"15.3058",2
4123,"15.3058",9
4123,"15.3202",16
4123,"15.3202",20
4124,"13.3311",5
4124,"13.3313",20
4124,"13.4207",6
4124,"14.3557",8
4124,"14.3557",16
4124,"14.3558",5
4124,"14.4278",16
4125,"15.3350",2
4125,"15.3350",17
4125,"15.3350",17
4126,"13.3847",16
4128,"13.3108",7
4128,"13.4315",2
4128,"13.4315",4
4128,"14.3333",13
4128,"14.3343",3
4128,"14.3344",10
4128,"14.3369",13
4128,"14.3603",1
4128,"14.3603",20
4128,"14.3620",5
4128,"14.3620",18
4128,"14.3948",13
4128,"14.3948",20
4128,"14.3949",3
4128,"14.3949",5
4128,"14.4161",20
4128,"14.4252",13
4128,"14.4252",20
4128,"15.3179",13
4128,"15.3328",20
4129,"14.3371",16
4129,"14.3371",20
4129,"14.3442",10
4129,"14.3476",9
4129,"14.3476",20
4129,"15.3346",10
4129,"15.3348",16
4129,"15.3348",20
4130,"13.3343",6
4130,"13.3901",7
4130,"13.3901",21
4130,"13.4098",21
4130,"14.3968",16
4130,"14.4267",5
4130,"14.4267",13
4130,"15.3269",12
4131,"13.4199",4
4131,"14.3866",4
4134,"14.3731",4
4134,"14.3731",5
4134,"14.4062",2
4135,"14.4075",2
4136,"14.3197",16
4136,"14.3276",16
4137,"14.3268",4
4137,"14.3268",9
4137,"14.3269",20
4137,"14.4308",19
4137,"15.3025",12
4137,"15.3025",13
4138,"14.3161",7
4138,"14.3326",9
4138,"14.3447",2
4138,"14.3461",1
4138,"14.3715",10
4138,"14.3909",9
4140,"14.3467",21
4141,"14.3427",5
4141,"14.3427",9
4141,"14.3677",4
4141,"15.3039",16
4141,"15.3092",4
4141,"15.3092",9
4143,"14.4301",16
4143,"14.4302",19
